Date,Close,ETH-USD
2020-11-08 00:00:00+00:00,453.5547790527344
2020-11-09 00:00:00+00:00,444.1630554199219
2020-11-10 00:00:00+00:00,449.67962646484375
2020-11-11 00:00:00+00:00,462.9605407714844
2020-11-12 00:00:00+00:00,461.0052795410156
2020-11-13 00:00:00+00:00,474.6264343261719
2020-11-14 00:00:00+00:00,460.14984130859375
2020-11-15 00:00:00+00:00,447.55908203125
2020-11-16 00:00:00+00:00,459.9403076171875
2020-11-17 00:00:00+00:00,480.3600769042969
2020-11-18 00:00:00+00:00,479.48406982421875
2020-11-19 00:00:00+00:00,471.63043212890625
2020-11-20 00:00:00+00:00,509.74456787109375
2020-11-21 00:00:00+00:00,549.4866333007812
2020-11-22 00:00:00+00:00,558.068115234375
2020-11-23 00:00:00+00:00,608.4540405273438
2020-11-24 00:00:00+00:00,603.8977661132812
2020-11-25 00:00:00+00:00,570.6866455078125
2020-11-26 00:00:00+00:00,518.8011474609375
2020-11-27 00:00:00+00:00,517.4937133789062
2020-11-28 00:00:00+00:00,538.2297973632812
2020-11-29 00:00:00+00:00,575.758056640625
2020-11-30 00:00:00+00:00,614.842529296875
2020-12-01 00:00:00+00:00,587.3241577148438
2020-12-02 00:00:00+00:00,598.3523559570312
2020-12-03 00:00:00+00:00,616.708740234375
2020-12-04 00:00:00+00:00,569.3541870117188
2020-12-05 00:00:00+00:00,596.595458984375
2020-12-06 00:00:00+00:00,601.9089965820312
2020-12-07 00:00:00+00:00,591.8433837890625
2020-12-08 00:00:00+00:00,554.8277587890625
2020-12-09 00:00:00+00:00,573.4791259765625
2020-12-10 00:00:00+00:00,559.6785278320312
2020-12-11 00:00:00+00:00,545.79736328125
2020-12-12 00:00:00+00:00,568.5673217773438
2020-12-13 00:00:00+00:00,589.6632080078125
2020-12-14 00:00:00+00:00,586.0111694335938
2020-12-15 00:00:00+00:00,589.3555908203125
2020-12-16 00:00:00+00:00,636.1818237304688
2020-12-17 00:00:00+00:00,642.8689575195312
2020-12-18 00:00:00+00:00,654.8119506835938
2020-12-19 00:00:00+00:00,659.2979125976562
2020-12-20 00:00:00+00:00,638.2908325195312
2020-12-21 00:00:00+00:00,609.81787109375
2020-12-22 00:00:00+00:00,634.8541870117188
2020-12-23 00:00:00+00:00,583.714599609375
2020-12-24 00:00:00+00:00,611.607177734375
2020-12-25 00:00:00+00:00,626.4107055664062
2020-12-26 00:00:00+00:00,635.8358154296875
2020-12-27 00:00:00+00:00,682.642333984375
2020-12-28 00:00:00+00:00,730.3973388671875
2020-12-29 00:00:00+00:00,731.5201416015625
2020-12-30 00:00:00+00:00,751.6189575195312
2020-12-31 00:00:00+00:00,737.8034057617188
2021-01-01 00:00:00+00:00,730.3675537109375
2021-01-02 00:00:00+00:00,774.5349731445312
2021-01-03 00:00:00+00:00,975.5076904296875
2021-01-04 00:00:00+00:00,1040.2330322265625
2021-01-05 00:00:00+00:00,1100.006103515625
2021-01-06 00:00:00+00:00,1207.1121826171875
2021-01-07 00:00:00+00:00,1225.6781005859375
2021-01-08 00:00:00+00:00,1224.1971435546875
2021-01-09 00:00:00+00:00,1281.0772705078125
2021-01-10 00:00:00+00:00,1262.2467041015625
2021-01-11 00:00:00+00:00,1090.1453857421875
2021-01-12 00:00:00+00:00,1043.4345703125
2021-01-13 00:00:00+00:00,1130.7393798828125
2021-01-14 00:00:00+00:00,1218.4530029296875
2021-01-15 00:00:00+00:00,1171.8345947265625
2021-01-16 00:00:00+00:00,1233.53759765625
2021-01-17 00:00:00+00:00,1230.1722412109375
2021-01-18 00:00:00+00:00,1257.279541015625
2021-01-19 00:00:00+00:00,1377.2958984375
2021-01-20 00:00:00+00:00,1382.2740478515625
2021-01-21 00:00:00+00:00,1121.5709228515625
2021-01-22 00:00:00+00:00,1236.51220703125
2021-01-23 00:00:00+00:00,1230.9906005859375
2021-01-24 00:00:00+00:00,1391.609375
2021-01-25 00:00:00+00:00,1324.414794921875
2021-01-26 00:00:00+00:00,1357.05810546875
2021-01-27 00:00:00+00:00,1253.1871337890625
2021-01-28 00:00:00+00:00,1332.4921875
2021-01-29 00:00:00+00:00,1382.5228271484375
2021-01-30 00:00:00+00:00,1376.115478515625
2021-01-31 00:00:00+00:00,1314.9862060546875
2021-02-01 00:00:00+00:00,1369.04052734375
2021-02-02 00:00:00+00:00,1515.1937255859375
2021-02-03 00:00:00+00:00,1660.9095458984375
2021-02-04 00:00:00+00:00,1594.7626953125
2021-02-05 00:00:00+00:00,1718.65087890625
2021-02-06 00:00:00+00:00,1677.8468017578125
2021-02-07 00:00:00+00:00,1614.227783203125
2021-02-08 00:00:00+00:00,1746.6168212890625
2021-02-09 00:00:00+00:00,1768.0350341796875
2021-02-10 00:00:00+00:00,1744.243408203125
2021-02-11 00:00:00+00:00,1783.7979736328125
2021-02-12 00:00:00+00:00,1843.5325927734375
2021-02-13 00:00:00+00:00,1814.10986328125
2021-02-14 00:00:00+00:00,1805.0841064453125
2021-02-15 00:00:00+00:00,1779.791015625
2021-02-16 00:00:00+00:00,1781.0675048828125
2021-02-17 00:00:00+00:00,1848.458251953125
2021-02-18 00:00:00+00:00,1937.44921875
2021-02-19 00:00:00+00:00,1960.164794921875
2021-02-20 00:00:00+00:00,1919.5340576171875
2021-02-21 00:00:00+00:00,1935.60107421875
2021-02-22 00:00:00+00:00,1781.992919921875
2021-02-23 00:00:00+00:00,1570.2039794921875
2021-02-24 00:00:00+00:00,1626.57568359375
2021-02-25 00:00:00+00:00,1475.7037353515625
2021-02-26 00:00:00+00:00,1446.03369140625
2021-02-27 00:00:00+00:00,1459.97314453125
2021-02-28 00:00:00+00:00,1416.0489501953125
2021-03-01 00:00:00+00:00,1564.7076416015625
2021-03-02 00:00:00+00:00,1492.6087646484375
2021-03-03 00:00:00+00:00,1575.8531494140625
2021-03-04 00:00:00+00:00,1541.914306640625
2021-03-05 00:00:00+00:00,1533.2750244140625
2021-03-06 00:00:00+00:00,1654.7415771484375
2021-03-07 00:00:00+00:00,1723.15380859375
2021-03-08 00:00:00+00:00,1834.7279052734375
2021-03-09 00:00:00+00:00,1868.048828125
2021-03-10 00:00:00+00:00,1799.166259765625
2021-03-11 00:00:00+00:00,1826.1949462890625
2021-03-12 00:00:00+00:00,1772.1024169921875
2021-03-13 00:00:00+00:00,1924.6854248046875
2021-03-14 00:00:00+00:00,1854.5643310546875
2021-03-15 00:00:00+00:00,1791.7022705078125
2021-03-16 00:00:00+00:00,1806.9718017578125
2021-03-17 00:00:00+00:00,1823.4493408203125
2021-03-18 00:00:00+00:00,1782.8551025390625
2021-03-19 00:00:00+00:00,1817.6241455078125
2021-03-20 00:00:00+00:00,1812.6346435546875
2021-03-21 00:00:00+00:00,1788.217041015625
2021-03-22 00:00:00+00:00,1691.333984375
2021-03-23 00:00:00+00:00,1678.650146484375
2021-03-24 00:00:00+00:00,1593.4134521484375
2021-03-25 00:00:00+00:00,1595.3592529296875
2021-03-26 00:00:00+00:00,1702.842041015625
2021-03-27 00:00:00+00:00,1716.49462890625
2021-03-28 00:00:00+00:00,1691.35595703125
2021-03-29 00:00:00+00:00,1819.6849365234375
2021-03-30 00:00:00+00:00,1846.03369140625
2021-03-31 00:00:00+00:00,1918.362060546875
2021-04-01 00:00:00+00:00,1977.27685546875
2021-04-02 00:00:00+00:00,2143.2255859375
2021-04-03 00:00:00+00:00,2028.4224853515625
2021-04-04 00:00:00+00:00,2093.122802734375
2021-04-05 00:00:00+00:00,2107.88720703125
2021-04-06 00:00:00+00:00,2118.37890625
2021-04-07 00:00:00+00:00,1971.0772705078125
2021-04-08 00:00:00+00:00,2088.57373046875
2021-04-09 00:00:00+00:00,2072.10888671875
2021-04-10 00:00:00+00:00,2135.942138671875
2021-04-11 00:00:00+00:00,2157.656982421875
2021-04-12 00:00:00+00:00,2139.353271484375
2021-04-13 00:00:00+00:00,2299.187744140625
2021-04-14 00:00:00+00:00,2435.10498046875
2021-04-15 00:00:00+00:00,2519.1162109375
2021-04-16 00:00:00+00:00,2431.946533203125
2021-04-17 00:00:00+00:00,2344.89501953125
2021-04-18 00:00:00+00:00,2237.136962890625
2021-04-19 00:00:00+00:00,2166.188720703125
2021-04-20 00:00:00+00:00,2330.2109375
2021-04-21 00:00:00+00:00,2364.751708984375
2021-04-22 00:00:00+00:00,2403.53515625
2021-04-23 00:00:00+00:00,2363.586181640625
2021-04-24 00:00:00+00:00,2211.625732421875
2021-04-25 00:00:00+00:00,2316.0595703125
2021-04-26 00:00:00+00:00,2534.481689453125
2021-04-27 00:00:00+00:00,2662.865234375
2021-04-28 00:00:00+00:00,2746.380126953125
2021-04-29 00:00:00+00:00,2756.876953125
2021-04-30 00:00:00+00:00,2773.20703125
2021-05-01 00:00:00+00:00,2945.892822265625
2021-05-02 00:00:00+00:00,2952.05615234375
2021-05-03 00:00:00+00:00,3431.086181640625
2021-05-04 00:00:00+00:00,3253.62939453125
2021-05-05 00:00:00+00:00,3522.783203125
2021-05-06 00:00:00+00:00,3490.88037109375
2021-05-07 00:00:00+00:00,3484.72900390625
2021-05-08 00:00:00+00:00,3902.647705078125
2021-05-09 00:00:00+00:00,3928.8447265625
2021-05-10 00:00:00+00:00,3952.2939453125
2021-05-11 00:00:00+00:00,4168.701171875
2021-05-12 00:00:00+00:00,3785.8486328125
2021-05-13 00:00:00+00:00,3715.1484375
2021-05-14 00:00:00+00:00,4079.057373046875
2021-05-15 00:00:00+00:00,3638.1220703125
2021-05-16 00:00:00+00:00,3587.506103515625
2021-05-17 00:00:00+00:00,3282.397705078125
2021-05-18 00:00:00+00:00,3380.070068359375
2021-05-19 00:00:00+00:00,2460.67919921875
2021-05-20 00:00:00+00:00,2784.294189453125
2021-05-21 00:00:00+00:00,2430.621337890625
2021-05-22 00:00:00+00:00,2295.70556640625
2021-05-23 00:00:00+00:00,2109.579833984375
2021-05-24 00:00:00+00:00,2643.591064453125
2021-05-25 00:00:00+00:00,2706.62890625
2021-05-26 00:00:00+00:00,2888.69873046875
2021-05-27 00:00:00+00:00,2736.488525390625
2021-05-28 00:00:00+00:00,2419.90625
2021-05-29 00:00:00+00:00,2279.51416015625
2021-05-30 00:00:00+00:00,2390.305419921875
2021-05-31 00:00:00+00:00,2714.9453125
2021-06-01 00:00:00+00:00,2633.518310546875
2021-06-02 00:00:00+00:00,2706.125
2021-06-03 00:00:00+00:00,2855.12646484375
2021-06-04 00:00:00+00:00,2688.195068359375
2021-06-05 00:00:00+00:00,2630.576904296875
2021-06-06 00:00:00+00:00,2715.0927734375
2021-06-07 00:00:00+00:00,2590.26318359375
2021-06-08 00:00:00+00:00,2517.438720703125
2021-06-09 00:00:00+00:00,2608.26708984375
2021-06-10 00:00:00+00:00,2471.5185546875
2021-06-11 00:00:00+00:00,2353.768798828125
2021-06-12 00:00:00+00:00,2372.484375
2021-06-13 00:00:00+00:00,2508.3916015625
2021-06-14 00:00:00+00:00,2537.89111328125
2021-06-15 00:00:00+00:00,2610.936767578125
2021-06-16 00:00:00+00:00,2367.66357421875
2021-06-17 00:00:00+00:00,2372.001953125
2021-06-18 00:00:00+00:00,2231.733154296875
2021-06-19 00:00:00+00:00,2178.4990234375
2021-06-20 00:00:00+00:00,2246.364501953125
2021-06-21 00:00:00+00:00,1888.447509765625
2021-06-22 00:00:00+00:00,1874.9500732421875
2021-06-23 00:00:00+00:00,1989.736328125
2021-06-24 00:00:00+00:00,1988.456298828125
2021-06-25 00:00:00+00:00,1813.21728515625
2021-06-26 00:00:00+00:00,1829.2392578125
2021-06-27 00:00:00+00:00,1978.8946533203125
2021-06-28 00:00:00+00:00,2079.657470703125
2021-06-29 00:00:00+00:00,2160.768310546875
2021-06-30 00:00:00+00:00,2274.547607421875
2021-07-01 00:00:00+00:00,2113.60546875
2021-07-02 00:00:00+00:00,2150.040283203125
2021-07-03 00:00:00+00:00,2226.1142578125
2021-07-04 00:00:00+00:00,2321.72412109375
2021-07-05 00:00:00+00:00,2198.58251953125
2021-07-06 00:00:00+00:00,2324.679443359375
2021-07-07 00:00:00+00:00,2315.161865234375
2021-07-08 00:00:00+00:00,2120.0263671875
2021-07-09 00:00:00+00:00,2146.6923828125
2021-07-10 00:00:00+00:00,2111.403564453125
2021-07-11 00:00:00+00:00,2139.664794921875
2021-07-12 00:00:00+00:00,2036.7210693359375
2021-07-13 00:00:00+00:00,1940.083984375
2021-07-14 00:00:00+00:00,1994.331298828125
2021-07-15 00:00:00+00:00,1911.1756591796875
2021-07-16 00:00:00+00:00,1880.3829345703125
2021-07-17 00:00:00+00:00,1898.8251953125
2021-07-18 00:00:00+00:00,1895.5521240234375
2021-07-19 00:00:00+00:00,1817.296630859375
2021-07-20 00:00:00+00:00,1787.5107421875
2021-07-21 00:00:00+00:00,1990.9708251953125
2021-07-22 00:00:00+00:00,2025.2027587890625
2021-07-23 00:00:00+00:00,2124.776611328125
2021-07-24 00:00:00+00:00,2189.21875
2021-07-25 00:00:00+00:00,2191.373779296875
2021-07-26 00:00:00+00:00,2233.36669921875
2021-07-27 00:00:00+00:00,2298.33349609375
2021-07-28 00:00:00+00:00,2296.54541015625
2021-07-29 00:00:00+00:00,2380.956787109375
2021-07-30 00:00:00+00:00,2466.96142578125
2021-07-31 00:00:00+00:00,2536.2099609375
2021-08-01 00:00:00+00:00,2561.85205078125
2021-08-02 00:00:00+00:00,2610.1533203125
2021-08-03 00:00:00+00:00,2502.349609375
2021-08-04 00:00:00+00:00,2724.619873046875
2021-08-05 00:00:00+00:00,2827.328857421875
2021-08-06 00:00:00+00:00,2890.941650390625
2021-08-07 00:00:00+00:00,3157.23876953125
2021-08-08 00:00:00+00:00,3013.732666015625
2021-08-09 00:00:00+00:00,3167.856201171875
2021-08-10 00:00:00+00:00,3141.691162109375
2021-08-11 00:00:00+00:00,3164.2451171875
2021-08-12 00:00:00+00:00,3043.414306640625
2021-08-13 00:00:00+00:00,3322.211669921875
2021-08-14 00:00:00+00:00,3265.443359375
2021-08-15 00:00:00+00:00,3310.504150390625
2021-08-16 00:00:00+00:00,3156.509521484375
2021-08-17 00:00:00+00:00,3014.845947265625
2021-08-18 00:00:00+00:00,3020.08984375
2021-08-19 00:00:00+00:00,3182.7021484375
2021-08-20 00:00:00+00:00,3286.935302734375
2021-08-21 00:00:00+00:00,3226.083984375
2021-08-22 00:00:00+00:00,3242.115478515625
2021-08-23 00:00:00+00:00,3319.25732421875
2021-08-24 00:00:00+00:00,3172.456298828125
2021-08-25 00:00:00+00:00,3224.915283203125
2021-08-26 00:00:00+00:00,3100.325439453125
2021-08-27 00:00:00+00:00,3270.600830078125
2021-08-28 00:00:00+00:00,3244.4033203125
2021-08-29 00:00:00+00:00,3227.002685546875
2021-08-30 00:00:00+00:00,3224.374267578125
2021-08-31 00:00:00+00:00,3433.732666015625
2021-09-01 00:00:00+00:00,3834.828125
2021-09-02 00:00:00+00:00,3790.989990234375
2021-09-03 00:00:00+00:00,3940.61474609375
2021-09-04 00:00:00+00:00,3887.828369140625
2021-09-05 00:00:00+00:00,3952.133544921875
2021-09-06 00:00:00+00:00,3928.37939453125
2021-09-07 00:00:00+00:00,3426.394287109375
2021-09-08 00:00:00+00:00,3497.315185546875
2021-09-09 00:00:00+00:00,3427.340087890625
2021-09-10 00:00:00+00:00,3211.505859375
2021-09-11 00:00:00+00:00,3270.278076171875
2021-09-12 00:00:00+00:00,3410.134521484375
2021-09-13 00:00:00+00:00,3285.51171875
2021-09-14 00:00:00+00:00,3429.169677734375
2021-09-15 00:00:00+00:00,3615.28271484375
2021-09-16 00:00:00+00:00,3571.294921875
2021-09-17 00:00:00+00:00,3398.538818359375
2021-09-18 00:00:00+00:00,3432.018310546875
2021-09-19 00:00:00+00:00,3329.447998046875
2021-09-20 00:00:00+00:00,2958.993408203125
2021-09-21 00:00:00+00:00,2764.43115234375
2021-09-22 00:00:00+00:00,3077.867919921875
2021-09-23 00:00:00+00:00,3155.523681640625
2021-09-24 00:00:00+00:00,2931.669189453125
2021-09-25 00:00:00+00:00,2925.565673828125
2021-09-26 00:00:00+00:00,3062.265380859375
2021-09-27 00:00:00+00:00,2934.138916015625
2021-09-28 00:00:00+00:00,2807.296630859375
2021-09-29 00:00:00+00:00,2853.143310546875
2021-09-30 00:00:00+00:00,3001.678955078125
2021-10-01 00:00:00+00:00,3307.51611328125
2021-10-02 00:00:00+00:00,3391.6943359375
2021-10-03 00:00:00+00:00,3418.358642578125
2021-10-04 00:00:00+00:00,3380.089111328125
2021-10-05 00:00:00+00:00,3518.5185546875
2021-10-06 00:00:00+00:00,3580.56201171875
2021-10-07 00:00:00+00:00,3587.974853515625
2021-10-08 00:00:00+00:00,3563.75927734375
2021-10-09 00:00:00+00:00,3575.716796875
2021-10-10 00:00:00+00:00,3425.852783203125
2021-10-11 00:00:00+00:00,3545.35400390625
2021-10-12 00:00:00+00:00,3492.5732421875
2021-10-13 00:00:00+00:00,3606.20166015625
2021-10-14 00:00:00+00:00,3786.01416015625
2021-10-15 00:00:00+00:00,3862.634765625
2021-10-16 00:00:00+00:00,3830.382080078125
2021-10-17 00:00:00+00:00,3847.1044921875
2021-10-18 00:00:00+00:00,3748.76025390625
2021-10-19 00:00:00+00:00,3877.65087890625
2021-10-20 00:00:00+00:00,4155.9921875
2021-10-21 00:00:00+00:00,4054.32275390625
2021-10-22 00:00:00+00:00,3970.181884765625
2021-10-23 00:00:00+00:00,4171.66357421875
2021-10-24 00:00:00+00:00,4087.903076171875
2021-10-25 00:00:00+00:00,4217.876953125
2021-10-26 00:00:00+00:00,4131.10205078125
2021-10-27 00:00:00+00:00,3930.25732421875
2021-10-28 00:00:00+00:00,4287.31884765625
2021-10-29 00:00:00+00:00,4414.74658203125
2021-10-30 00:00:00+00:00,4325.650390625
2021-10-31 00:00:00+00:00,4288.07421875
2021-11-01 00:00:00+00:00,4324.626953125
2021-11-02 00:00:00+00:00,4584.798828125
2021-11-03 00:00:00+00:00,4607.19384765625
2021-11-04 00:00:00+00:00,4537.32421875
2021-11-05 00:00:00+00:00,4486.2431640625
2021-11-06 00:00:00+00:00,4521.5810546875
2021-11-07 00:00:00+00:00,4620.5546875
2021-11-08 00:00:00+00:00,4812.08740234375
2021-11-09 00:00:00+00:00,4735.06884765625
2021-11-10 00:00:00+00:00,4636.17431640625
2021-11-11 00:00:00+00:00,4730.38427734375
2021-11-12 00:00:00+00:00,4667.115234375
2021-11-13 00:00:00+00:00,4651.46044921875
2021-11-14 00:00:00+00:00,4626.35888671875
2021-11-15 00:00:00+00:00,4557.50390625
2021-11-16 00:00:00+00:00,4216.365234375
2021-11-17 00:00:00+00:00,4287.59375
2021-11-18 00:00:00+00:00,4000.65087890625
2021-11-19 00:00:00+00:00,4298.306640625
2021-11-20 00:00:00+00:00,4409.93115234375
2021-11-21 00:00:00+00:00,4269.73291015625
2021-11-22 00:00:00+00:00,4088.457763671875
2021-11-23 00:00:00+00:00,4340.763671875
2021-11-24 00:00:00+00:00,4239.9814453125
2021-11-25 00:00:00+00:00,4274.7431640625
2021-11-26 00:00:00+00:00,4030.908935546875
2021-11-27 00:00:00+00:00,4096.912109375
2021-11-28 00:00:00+00:00,4294.45361328125
2021-11-29 00:00:00+00:00,4445.10498046875
2021-11-30 00:00:00+00:00,4631.47900390625
2021-12-01 00:00:00+00:00,4586.990234375
2021-12-02 00:00:00+00:00,4511.30224609375
2021-12-03 00:00:00+00:00,4220.7060546875
2021-12-04 00:00:00+00:00,4119.58740234375
2021-12-05 00:00:00+00:00,4198.32275390625
2021-12-06 00:00:00+00:00,4358.7373046875
2021-12-07 00:00:00+00:00,4315.0615234375
2021-12-08 00:00:00+00:00,4439.35791015625
2021-12-09 00:00:00+00:00,4119.81591796875
2021-12-10 00:00:00+00:00,3908.49609375
2021-12-11 00:00:00+00:00,4084.452392578125
2021-12-12 00:00:00+00:00,4134.453125
2021-12-13 00:00:00+00:00,3784.226806640625
2021-12-14 00:00:00+00:00,3745.4404296875
2021-12-15 00:00:00+00:00,4018.388671875
2021-12-16 00:00:00+00:00,3962.4697265625
2021-12-17 00:00:00+00:00,3879.486572265625
2021-12-18 00:00:00+00:00,3960.860107421875
2021-12-19 00:00:00+00:00,3922.592529296875
2021-12-20 00:00:00+00:00,3933.844482421875
2021-12-21 00:00:00+00:00,4020.260009765625
2021-12-22 00:00:00+00:00,3982.099609375
2021-12-23 00:00:00+00:00,4108.015625
2021-12-24 00:00:00+00:00,4047.98291015625
2021-12-25 00:00:00+00:00,4093.281005859375
2021-12-26 00:00:00+00:00,4067.328125
2021-12-27 00:00:00+00:00,4037.547607421875
2021-12-28 00:00:00+00:00,3800.89306640625
2021-12-29 00:00:00+00:00,3628.53173828125
2021-12-30 00:00:00+00:00,3713.85205078125
2021-12-31 00:00:00+00:00,3682.6328125
2022-01-01 00:00:00+00:00,3769.697021484375
2022-01-02 00:00:00+00:00,3829.56494140625
2022-01-03 00:00:00+00:00,3761.38037109375
2022-01-04 00:00:00+00:00,3794.056640625
2022-01-05 00:00:00+00:00,3550.386962890625
2022-01-06 00:00:00+00:00,3418.408203125
2022-01-07 00:00:00+00:00,3193.21044921875
2022-01-08 00:00:00+00:00,3091.97265625
2022-01-09 00:00:00+00:00,3157.75146484375
2022-01-10 00:00:00+00:00,3083.097900390625
2022-01-11 00:00:00+00:00,3238.111572265625
2022-01-12 00:00:00+00:00,3372.25830078125
2022-01-13 00:00:00+00:00,3248.28857421875
2022-01-14 00:00:00+00:00,3310.00146484375
2022-01-15 00:00:00+00:00,3330.53076171875
2022-01-16 00:00:00+00:00,3350.921875
2022-01-17 00:00:00+00:00,3212.304931640625
2022-01-18 00:00:00+00:00,3164.025146484375
2022-01-19 00:00:00+00:00,3095.825927734375
2022-01-20 00:00:00+00:00,3001.1201171875
2022-01-21 00:00:00+00:00,2557.931640625
2022-01-22 00:00:00+00:00,2405.18115234375
2022-01-23 00:00:00+00:00,2535.0390625
2022-01-24 00:00:00+00:00,2440.352294921875
2022-01-25 00:00:00+00:00,2455.93505859375
2022-01-26 00:00:00+00:00,2468.0302734375
2022-01-27 00:00:00+00:00,2423.001220703125
2022-01-28 00:00:00+00:00,2547.092041015625
2022-01-29 00:00:00+00:00,2597.084716796875
2022-01-30 00:00:00+00:00,2603.466552734375
2022-01-31 00:00:00+00:00,2688.27880859375
2022-02-01 00:00:00+00:00,2792.1171875
2022-02-02 00:00:00+00:00,2682.85400390625
2022-02-03 00:00:00+00:00,2679.16259765625
2022-02-04 00:00:00+00:00,2983.5869140625
2022-02-05 00:00:00+00:00,3014.648193359375
2022-02-06 00:00:00+00:00,3057.47607421875
2022-02-07 00:00:00+00:00,3142.470703125
2022-02-08 00:00:00+00:00,3122.608642578125
2022-02-09 00:00:00+00:00,3239.45703125
2022-02-10 00:00:00+00:00,3077.482177734375
2022-02-11 00:00:00+00:00,2927.383544921875
2022-02-12 00:00:00+00:00,2917.36279296875
2022-02-13 00:00:00+00:00,2883.46337890625
2022-02-14 00:00:00+00:00,2933.47900390625
2022-02-15 00:00:00+00:00,3179.877197265625
2022-02-16 00:00:00+00:00,3127.830078125
2022-02-17 00:00:00+00:00,2881.48193359375
2022-02-18 00:00:00+00:00,2785.7275390625
2022-02-19 00:00:00+00:00,2763.701171875
2022-02-20 00:00:00+00:00,2628.6484375
2022-02-21 00:00:00+00:00,2573.816162109375
2022-02-22 00:00:00+00:00,2639.29931640625
2022-02-23 00:00:00+00:00,2590.359619140625
2022-02-24 00:00:00+00:00,2598.067138671875
2022-02-25 00:00:00+00:00,2764.53564453125
2022-02-26 00:00:00+00:00,2781.11181640625
2022-02-27 00:00:00+00:00,2621.8017578125
2022-02-28 00:00:00+00:00,2919.201171875
2022-03-01 00:00:00+00:00,2972.485107421875
2022-03-02 00:00:00+00:00,2950.118408203125
2022-03-03 00:00:00+00:00,2834.468994140625
2022-03-04 00:00:00+00:00,2617.156005859375
2022-03-05 00:00:00+00:00,2664.8310546875
2022-03-06 00:00:00+00:00,2555.037353515625
2022-03-07 00:00:00+00:00,2497.771240234375
2022-03-08 00:00:00+00:00,2576.74755859375
2022-03-09 00:00:00+00:00,2729.783447265625
2022-03-10 00:00:00+00:00,2608.048583984375
2022-03-11 00:00:00+00:00,2559.56298828125
2022-03-12 00:00:00+00:00,2574.754150390625
2022-03-13 00:00:00+00:00,2518.944580078125
2022-03-14 00:00:00+00:00,2590.696044921875
2022-03-15 00:00:00+00:00,2620.149658203125
2022-03-16 00:00:00+00:00,2772.0556640625
2022-03-17 00:00:00+00:00,2814.8544921875
2022-03-18 00:00:00+00:00,2945.343017578125
2022-03-19 00:00:00+00:00,2946.257080078125
2022-03-20 00:00:00+00:00,2860.459228515625
2022-03-21 00:00:00+00:00,2897.9765625
2022-03-22 00:00:00+00:00,2973.131103515625
2022-03-23 00:00:00+00:00,3031.067138671875
2022-03-24 00:00:00+00:00,3108.06201171875
2022-03-25 00:00:00+00:00,3106.67138671875
2022-03-26 00:00:00+00:00,3143.178955078125
2022-03-27 00:00:00+00:00,3291.57763671875
2022-03-28 00:00:00+00:00,3336.634521484375
2022-03-29 00:00:00+00:00,3401.98779296875
2022-03-30 00:00:00+00:00,3385.157958984375
2022-03-31 00:00:00+00:00,3281.642822265625
2022-04-01 00:00:00+00:00,3449.55224609375
2022-04-02 00:00:00+00:00,3445.059326171875
2022-04-03 00:00:00+00:00,3522.83349609375
2022-04-04 00:00:00+00:00,3521.2412109375
2022-04-05 00:00:00+00:00,3411.79248046875
2022-04-06 00:00:00+00:00,3171.69189453125
2022-04-07 00:00:00+00:00,3233.274658203125
2022-04-08 00:00:00+00:00,3192.073974609375
2022-04-09 00:00:00+00:00,3261.916259765625
2022-04-10 00:00:00+00:00,3211.866943359375
2022-04-11 00:00:00+00:00,2981.05224609375
2022-04-12 00:00:00+00:00,3030.37646484375
2022-04-13 00:00:00+00:00,3118.34423828125
2022-04-14 00:00:00+00:00,3019.909423828125
2022-04-15 00:00:00+00:00,3040.91650390625
2022-04-16 00:00:00+00:00,3062.310302734375
2022-04-17 00:00:00+00:00,2993.4033203125
2022-04-18 00:00:00+00:00,3057.606689453125
2022-04-19 00:00:00+00:00,3104.1064453125
2022-04-20 00:00:00+00:00,3077.745849609375
2022-04-21 00:00:00+00:00,2987.480712890625
2022-04-22 00:00:00+00:00,2964.835693359375
2022-04-23 00:00:00+00:00,2938.114013671875
2022-04-24 00:00:00+00:00,2922.732666015625
2022-04-25 00:00:00+00:00,3009.3935546875
2022-04-26 00:00:00+00:00,2808.29833984375
2022-04-27 00:00:00+00:00,2888.9296875
2022-04-28 00:00:00+00:00,2936.94091796875
2022-04-29 00:00:00+00:00,2815.601806640625
2022-04-30 00:00:00+00:00,2730.186767578125
2022-05-01 00:00:00+00:00,2827.756103515625
2022-05-02 00:00:00+00:00,2857.410400390625
2022-05-03 00:00:00+00:00,2783.476318359375
2022-05-04 00:00:00+00:00,2940.644775390625
2022-05-05 00:00:00+00:00,2749.213134765625
2022-05-06 00:00:00+00:00,2694.979736328125
2022-05-07 00:00:00+00:00,2636.093017578125
2022-05-08 00:00:00+00:00,2517.4599609375
2022-05-09 00:00:00+00:00,2245.430419921875
2022-05-10 00:00:00+00:00,2343.510986328125
2022-05-11 00:00:00+00:00,2072.108642578125
2022-05-12 00:00:00+00:00,1961.7015380859375
2022-05-13 00:00:00+00:00,2014.418212890625
2022-05-14 00:00:00+00:00,2056.27392578125
2022-05-15 00:00:00+00:00,2145.706787109375
2022-05-16 00:00:00+00:00,2022.7259521484375
2022-05-17 00:00:00+00:00,2090.4091796875
2022-05-18 00:00:00+00:00,1916.6561279296875
2022-05-19 00:00:00+00:00,2018.336181640625
2022-05-20 00:00:00+00:00,1961.315673828125
2022-05-21 00:00:00+00:00,1974.518310546875
2022-05-22 00:00:00+00:00,2043.170166015625
2022-05-23 00:00:00+00:00,1972.181884765625
2022-05-24 00:00:00+00:00,1978.9827880859375
2022-05-25 00:00:00+00:00,1944.827880859375
2022-05-26 00:00:00+00:00,1803.913330078125
2022-05-27 00:00:00+00:00,1724.9228515625
2022-05-28 00:00:00+00:00,1757.9417724609375
2022-05-29 00:00:00+00:00,1812.031005859375
2022-05-30 00:00:00+00:00,1996.4412841796875
2022-05-31 00:00:00+00:00,1942.3280029296875
2022-06-01 00:00:00+00:00,1823.5693359375
2022-06-02 00:00:00+00:00,1834.1505126953125
2022-06-03 00:00:00+00:00,1775.07861328125
2022-06-04 00:00:00+00:00,1801.6094970703125
2022-06-05 00:00:00+00:00,1805.2049560546875
2022-06-06 00:00:00+00:00,1859.2896728515625
2022-06-07 00:00:00+00:00,1814.04833984375
2022-06-08 00:00:00+00:00,1793.572265625
2022-06-09 00:00:00+00:00,1789.8260498046875
2022-06-10 00:00:00+00:00,1665.042236328125
2022-06-11 00:00:00+00:00,1529.6634521484375
2022-06-12 00:00:00+00:00,1445.216552734375
2022-06-13 00:00:00+00:00,1204.582763671875
2022-06-14 00:00:00+00:00,1211.662841796875
2022-06-15 00:00:00+00:00,1233.2064208984375
2022-06-16 00:00:00+00:00,1067.730712890625
2022-06-17 00:00:00+00:00,1086.519287109375
2022-06-18 00:00:00+00:00,993.6367797851562
2022-06-19 00:00:00+00:00,1127.656494140625
2022-06-20 00:00:00+00:00,1127.6424560546875
2022-06-21 00:00:00+00:00,1124.8245849609375
2022-06-22 00:00:00+00:00,1051.421875
2022-06-23 00:00:00+00:00,1143.38671875
2022-06-24 00:00:00+00:00,1226.8447265625
2022-06-25 00:00:00+00:00,1243.4468994140625
2022-06-26 00:00:00+00:00,1199.8316650390625
2022-06-27 00:00:00+00:00,1193.6806640625
2022-06-28 00:00:00+00:00,1144.5792236328125
2022-06-29 00:00:00+00:00,1098.94384765625
2022-06-30 00:00:00+00:00,1067.298828125
2022-07-01 00:00:00+00:00,1059.767333984375
2022-07-02 00:00:00+00:00,1066.5128173828125
2022-07-03 00:00:00+00:00,1073.7669677734375
2022-07-04 00:00:00+00:00,1151.05908203125
2022-07-05 00:00:00+00:00,1134.541015625
2022-07-06 00:00:00+00:00,1186.9739990234375
2022-07-07 00:00:00+00:00,1237.5933837890625
2022-07-08 00:00:00+00:00,1222.5062255859375
2022-07-09 00:00:00+00:00,1216.978271484375
2022-07-10 00:00:00+00:00,1168.401611328125
2022-07-11 00:00:00+00:00,1097.236572265625
2022-07-12 00:00:00+00:00,1038.191650390625
2022-07-13 00:00:00+00:00,1113.587158203125
2022-07-14 00:00:00+00:00,1191.5262451171875
2022-07-15 00:00:00+00:00,1233.129150390625
2022-07-16 00:00:00+00:00,1352.62646484375
2022-07-17 00:00:00+00:00,1338.6357421875
2022-07-18 00:00:00+00:00,1578.7178955078125
2022-07-19 00:00:00+00:00,1542.9752197265625
2022-07-20 00:00:00+00:00,1520.20068359375
2022-07-21 00:00:00+00:00,1576.74951171875
2022-07-22 00:00:00+00:00,1537.4051513671875
2022-07-23 00:00:00+00:00,1549.2974853515625
2022-07-24 00:00:00+00:00,1599.4766845703125
2022-07-25 00:00:00+00:00,1445.3834228515625
2022-07-26 00:00:00+00:00,1441.8067626953125
2022-07-27 00:00:00+00:00,1636.232666015625
2022-07-28 00:00:00+00:00,1725.4681396484375
2022-07-29 00:00:00+00:00,1727.406982421875
2022-07-30 00:00:00+00:00,1695.969482421875
2022-07-31 00:00:00+00:00,1681.517333984375
2022-08-01 00:00:00+00:00,1635.19580078125
2022-08-02 00:00:00+00:00,1632.9454345703125
2022-08-03 00:00:00+00:00,1618.87451171875
2022-08-04 00:00:00+00:00,1608.205810546875
2022-08-05 00:00:00+00:00,1732.254638671875
2022-08-06 00:00:00+00:00,1691.6580810546875
2022-08-07 00:00:00+00:00,1699.350830078125
2022-08-08 00:00:00+00:00,1775.51611328125
2022-08-09 00:00:00+00:00,1703.0250244140625
2022-08-10 00:00:00+00:00,1851.74267578125
2022-08-11 00:00:00+00:00,1881.22412109375
2022-08-12 00:00:00+00:00,1957.2464599609375
2022-08-13 00:00:00+00:00,1981.3365478515625
2022-08-14 00:00:00+00:00,1936.802001953125
2022-08-15 00:00:00+00:00,1904.2281494140625
2022-08-16 00:00:00+00:00,1878.139404296875
2022-08-17 00:00:00+00:00,1832.9996337890625
2022-08-18 00:00:00+00:00,1847.0078125
2022-08-19 00:00:00+00:00,1612.9873046875
2022-08-20 00:00:00+00:00,1577.0037841796875
2022-08-21 00:00:00+00:00,1619.3189697265625
2022-08-22 00:00:00+00:00,1622.505859375
2022-08-23 00:00:00+00:00,1662.7698974609375
2022-08-24 00:00:00+00:00,1657.0592041015625
2022-08-25 00:00:00+00:00,1696.45703125
2022-08-26 00:00:00+00:00,1507.7828369140625
2022-08-27 00:00:00+00:00,1491.39501953125
2022-08-28 00:00:00+00:00,1430.54736328125
2022-08-29 00:00:00+00:00,1553.037353515625
2022-08-30 00:00:00+00:00,1523.8388671875
2022-08-31 00:00:00+00:00,1553.6849365234375
2022-09-01 00:00:00+00:00,1586.1767578125
2022-09-02 00:00:00+00:00,1577.220458984375
2022-09-03 00:00:00+00:00,1556.8726806640625
2022-09-04 00:00:00+00:00,1577.6416015625
2022-09-05 00:00:00+00:00,1617.1832275390625
2022-09-06 00:00:00+00:00,1561.74853515625
2022-09-07 00:00:00+00:00,1629.9063720703125
2022-09-08 00:00:00+00:00,1635.34765625
2022-09-09 00:00:00+00:00,1719.08544921875
2022-09-10 00:00:00+00:00,1776.2037353515625
2022-09-11 00:00:00+00:00,1761.800048828125
2022-09-12 00:00:00+00:00,1713.7652587890625
2022-09-13 00:00:00+00:00,1580.7879638671875
2022-09-14 00:00:00+00:00,1634.7550048828125
2022-09-15 00:00:00+00:00,1471.6934814453125
2022-09-16 00:00:00+00:00,1432.44775390625
2022-09-17 00:00:00+00:00,1469.74169921875
2022-09-18 00:00:00+00:00,1335.3291015625
2022-09-19 00:00:00+00:00,1377.5413818359375
2022-09-20 00:00:00+00:00,1324.38818359375
2022-09-21 00:00:00+00:00,1252.6077880859375
2022-09-22 00:00:00+00:00,1327.68017578125
2022-09-23 00:00:00+00:00,1328.259521484375
2022-09-24 00:00:00+00:00,1317.9932861328125
2022-09-25 00:00:00+00:00,1294.216796875
2022-09-26 00:00:00+00:00,1335.3201904296875
2022-09-27 00:00:00+00:00,1330.127685546875
2022-09-28 00:00:00+00:00,1337.410888671875
2022-09-29 00:00:00+00:00,1335.65234375
2022-09-30 00:00:00+00:00,1327.9786376953125
2022-10-01 00:00:00+00:00,1311.6444091796875
2022-10-02 00:00:00+00:00,1276.093505859375
2022-10-03 00:00:00+00:00,1323.439208984375
2022-10-04 00:00:00+00:00,1362.1265869140625
2022-10-05 00:00:00+00:00,1352.837158203125
2022-10-06 00:00:00+00:00,1351.70947265625
2022-10-07 00:00:00+00:00,1332.5169677734375
2022-10-08 00:00:00+00:00,1315.50048828125
2022-10-09 00:00:00+00:00,1322.604248046875
2022-10-10 00:00:00+00:00,1291.337646484375
2022-10-11 00:00:00+00:00,1279.57568359375
2022-10-12 00:00:00+00:00,1294.9063720703125
2022-10-13 00:00:00+00:00,1288.1239013671875
2022-10-14 00:00:00+00:00,1297.422119140625
2022-10-15 00:00:00+00:00,1274.8717041015625
2022-10-16 00:00:00+00:00,1306.296630859375
2022-10-17 00:00:00+00:00,1331.713623046875
2022-10-18 00:00:00+00:00,1310.447021484375
2022-10-19 00:00:00+00:00,1285.7442626953125
2022-10-20 00:00:00+00:00,1283.200927734375
2022-10-21 00:00:00+00:00,1299.9464111328125
2022-10-22 00:00:00+00:00,1314.2991943359375
2022-10-23 00:00:00+00:00,1363.447021484375
2022-10-24 00:00:00+00:00,1344.99853515625
2022-10-25 00:00:00+00:00,1461.6654052734375
2022-10-26 00:00:00+00:00,1566.566650390625
2022-10-27 00:00:00+00:00,1514.3748779296875
2022-10-28 00:00:00+00:00,1555.4779052734375
2022-10-29 00:00:00+00:00,1619.698486328125
2022-10-30 00:00:00+00:00,1590.7833251953125
2022-10-31 00:00:00+00:00,1572.7144775390625
2022-11-01 00:00:00+00:00,1579.70458984375
2022-11-02 00:00:00+00:00,1519.7117919921875
2022-11-03 00:00:00+00:00,1531.541748046875
2022-11-04 00:00:00+00:00,1645.0933837890625
2022-11-05 00:00:00+00:00,1627.968017578125
2022-11-06 00:00:00+00:00,1572.2347412109375
2022-11-07 00:00:00+00:00,1568.59130859375
2022-11-08 00:00:00+00:00,1332.8355712890625
2022-11-09 00:00:00+00:00,1100.1697998046875
2022-11-10 00:00:00+00:00,1299.464599609375
2022-11-11 00:00:00+00:00,1287.2210693359375
2022-11-12 00:00:00+00:00,1255.268310546875
2022-11-13 00:00:00+00:00,1221.8192138671875
2022-11-14 00:00:00+00:00,1241.604248046875
2022-11-15 00:00:00+00:00,1251.7362060546875
2022-11-16 00:00:00+00:00,1215.6025390625
2022-11-17 00:00:00+00:00,1200.80859375
2022-11-18 00:00:00+00:00,1212.30029296875
2022-11-19 00:00:00+00:00,1218.4267578125
2022-11-20 00:00:00+00:00,1142.4666748046875
2022-11-21 00:00:00+00:00,1108.35302734375
2022-11-22 00:00:00+00:00,1135.1734619140625
2022-11-23 00:00:00+00:00,1183.1995849609375
2022-11-24 00:00:00+00:00,1203.983154296875
2022-11-25 00:00:00+00:00,1198.9259033203125
2022-11-26 00:00:00+00:00,1205.89794921875
2022-11-27 00:00:00+00:00,1195.126953125
2022-11-28 00:00:00+00:00,1170.086181640625
2022-11-29 00:00:00+00:00,1216.9012451171875
2022-11-30 00:00:00+00:00,1295.6885986328125
2022-12-01 00:00:00+00:00,1276.27392578125
2022-12-02 00:00:00+00:00,1294.3033447265625
2022-12-03 00:00:00+00:00,1243.3348388671875
2022-12-04 00:00:00+00:00,1280.256591796875
2022-12-05 00:00:00+00:00,1259.6767578125
2022-12-06 00:00:00+00:00,1271.65380859375
2022-12-07 00:00:00+00:00,1232.4375
2022-12-08 00:00:00+00:00,1281.1163330078125
2022-12-09 00:00:00+00:00,1264.2847900390625
2022-12-10 00:00:00+00:00,1266.3841552734375
2022-12-11 00:00:00+00:00,1263.8685302734375
2022-12-12 00:00:00+00:00,1274.6190185546875
2022-12-13 00:00:00+00:00,1320.5491943359375
2022-12-14 00:00:00+00:00,1309.3287353515625
2022-12-15 00:00:00+00:00,1266.3538818359375
2022-12-16 00:00:00+00:00,1168.2593994140625
2022-12-17 00:00:00+00:00,1188.1495361328125
2022-12-18 00:00:00+00:00,1184.7152099609375
2022-12-19 00:00:00+00:00,1167.60986328125
2022-12-20 00:00:00+00:00,1217.70361328125
2022-12-21 00:00:00+00:00,1213.5999755859375
2022-12-22 00:00:00+00:00,1218.18212890625
2022-12-23 00:00:00+00:00,1220.159423828125
2022-12-24 00:00:00+00:00,1221.1485595703125
2022-12-25 00:00:00+00:00,1218.9620361328125
2022-12-26 00:00:00+00:00,1226.974365234375
2022-12-27 00:00:00+00:00,1212.7916259765625
2022-12-28 00:00:00+00:00,1189.986083984375
2022-12-29 00:00:00+00:00,1201.5953369140625
2022-12-30 00:00:00+00:00,1199.2327880859375
2022-12-31 00:00:00+00:00,1196.771240234375
2023-01-01 00:00:00+00:00,1200.96484375
2023-01-02 00:00:00+00:00,1214.6566162109375
2023-01-03 00:00:00+00:00,1214.77880859375
2023-01-04 00:00:00+00:00,1256.526611328125
2023-01-05 00:00:00+00:00,1250.4385986328125
2023-01-06 00:00:00+00:00,1269.3790283203125
2023-01-07 00:00:00+00:00,1264.2703857421875
2023-01-08 00:00:00+00:00,1287.3594970703125
2023-01-09 00:00:00+00:00,1321.5389404296875
2023-01-10 00:00:00+00:00,1336.5860595703125
2023-01-11 00:00:00+00:00,1387.9327392578125
2023-01-12 00:00:00+00:00,1417.9384765625
2023-01-13 00:00:00+00:00,1451.6148681640625
2023-01-14 00:00:00+00:00,1550.7069091796875
2023-01-15 00:00:00+00:00,1552.4794921875
2023-01-16 00:00:00+00:00,1576.83349609375
2023-01-17 00:00:00+00:00,1567.8460693359375
2023-01-18 00:00:00+00:00,1515.5069580078125
2023-01-19 00:00:00+00:00,1552.5565185546875
2023-01-20 00:00:00+00:00,1659.754150390625
2023-01-21 00:00:00+00:00,1627.1181640625
2023-01-22 00:00:00+00:00,1628.382080078125
2023-01-23 00:00:00+00:00,1628.2510986328125
2023-01-24 00:00:00+00:00,1556.604248046875
2023-01-25 00:00:00+00:00,1611.7110595703125
2023-01-26 00:00:00+00:00,1603.10595703125
2023-01-27 00:00:00+00:00,1598.156494140625
2023-01-28 00:00:00+00:00,1572.43505859375
2023-01-29 00:00:00+00:00,1646.1556396484375
2023-01-30 00:00:00+00:00,1567.3265380859375
2023-01-31 00:00:00+00:00,1586.535400390625
2023-02-01 00:00:00+00:00,1641.792724609375
2023-02-02 00:00:00+00:00,1643.2415771484375
2023-02-03 00:00:00+00:00,1664.74560546875
2023-02-04 00:00:00+00:00,1667.0592041015625
2023-02-05 00:00:00+00:00,1631.6458740234375
2023-02-06 00:00:00+00:00,1616.2470703125
2023-02-07 00:00:00+00:00,1672.0035400390625
2023-02-08 00:00:00+00:00,1650.716796875
2023-02-09 00:00:00+00:00,1546.438232421875
2023-02-10 00:00:00+00:00,1514.869140625
2023-02-11 00:00:00+00:00,1539.9267578125
2023-02-12 00:00:00+00:00,1515.03369140625
2023-02-13 00:00:00+00:00,1507.1658935546875
2023-02-14 00:00:00+00:00,1556.8751220703125
2023-02-15 00:00:00+00:00,1673.7459716796875
2023-02-16 00:00:00+00:00,1640.067626953125
2023-02-17 00:00:00+00:00,1694.7833251953125
2023-02-18 00:00:00+00:00,1691.8194580078125
2023-02-19 00:00:00+00:00,1681.4361572265625
2023-02-20 00:00:00+00:00,1702.6751708984375
2023-02-21 00:00:00+00:00,1658.036376953125
2023-02-22 00:00:00+00:00,1643.231689453125
2023-02-23 00:00:00+00:00,1651.0738525390625
2023-02-24 00:00:00+00:00,1608.3731689453125
2023-02-25 00:00:00+00:00,1594.9149169921875
2023-02-26 00:00:00+00:00,1640.817138671875
2023-02-27 00:00:00+00:00,1634.326416015625
2023-02-28 00:00:00+00:00,1605.8951416015625
2023-03-01 00:00:00+00:00,1663.4337158203125
2023-03-02 00:00:00+00:00,1647.3193359375
2023-03-03 00:00:00+00:00,1569.1676025390625
2023-03-04 00:00:00+00:00,1566.9239501953125
2023-03-05 00:00:00+00:00,1564.46875
2023-03-06 00:00:00+00:00,1567.398681640625
2023-03-07 00:00:00+00:00,1561.93310546875
2023-03-08 00:00:00+00:00,1534.0882568359375
2023-03-09 00:00:00+00:00,1438.6607666015625
2023-03-10 00:00:00+00:00,1429.1580810546875
2023-03-11 00:00:00+00:00,1482.61669921875
2023-03-12 00:00:00+00:00,1590.29296875
2023-03-13 00:00:00+00:00,1680.3089599609375
2023-03-14 00:00:00+00:00,1703.507080078125
2023-03-15 00:00:00+00:00,1656.1805419921875
2023-03-16 00:00:00+00:00,1677.2154541015625
2023-03-17 00:00:00+00:00,1792.485107421875
2023-03-18 00:00:00+00:00,1761.65966796875
2023-03-19 00:00:00+00:00,1785.5765380859375
2023-03-20 00:00:00+00:00,1735.3212890625
2023-03-21 00:00:00+00:00,1806.7607421875
2023-03-22 00:00:00+00:00,1737.717041015625
2023-03-23 00:00:00+00:00,1816.4051513671875
2023-03-24 00:00:00+00:00,1752.0447998046875
2023-03-25 00:00:00+00:00,1743.7647705078125
2023-03-26 00:00:00+00:00,1775.6767578125
2023-03-27 00:00:00+00:00,1715.4608154296875
2023-03-28 00:00:00+00:00,1772.78564453125
2023-03-29 00:00:00+00:00,1793.0018310546875
2023-03-30 00:00:00+00:00,1792.7371826171875
2023-03-31 00:00:00+00:00,1822.0220947265625
2023-04-01 00:00:00+00:00,1813.860595703125
2023-04-02 00:00:00+00:00,1795.7081298828125
2023-04-03 00:00:00+00:00,1810.297119140625
2023-04-04 00:00:00+00:00,1871.005126953125
2023-04-05 00:00:00+00:00,1909.114013671875
2023-04-06 00:00:00+00:00,1872.922607421875
2023-04-07 00:00:00+00:00,1865.6361083984375
2023-04-08 00:00:00+00:00,1849.4981689453125
2023-04-09 00:00:00+00:00,1859.3878173828125
2023-04-10 00:00:00+00:00,1911.20751953125
2023-04-11 00:00:00+00:00,1892.189697265625
2023-04-12 00:00:00+00:00,1920.68212890625
2023-04-13 00:00:00+00:00,2012.6346435546875
2023-04-14 00:00:00+00:00,2101.635498046875
2023-04-15 00:00:00+00:00,2092.466796875
2023-04-16 00:00:00+00:00,2120.005859375
2023-04-17 00:00:00+00:00,2076.242919921875
2023-04-18 00:00:00+00:00,2104.537353515625
2023-04-19 00:00:00+00:00,1936.4034423828125
2023-04-20 00:00:00+00:00,1943.09765625
2023-04-21 00:00:00+00:00,1849.9998779296875
2023-04-22 00:00:00+00:00,1874.2286376953125
2023-04-23 00:00:00+00:00,1862.06201171875
2023-04-24 00:00:00+00:00,1842.7574462890625
2023-04-25 00:00:00+00:00,1866.753662109375
2023-04-26 00:00:00+00:00,1866.564208984375
2023-04-27 00:00:00+00:00,1908.786376953125
2023-04-28 00:00:00+00:00,1892.5128173828125
2023-04-29 00:00:00+00:00,1908.9169921875
2023-04-30 00:00:00+00:00,1876.92431640625
2023-05-01 00:00:00+00:00,1831.954833984375
2023-05-02 00:00:00+00:00,1870.789306640625
2023-05-03 00:00:00+00:00,1904.65185546875
2023-05-04 00:00:00+00:00,1877.7041015625
2023-05-05 00:00:00+00:00,1995.0609130859375
2023-05-06 00:00:00+00:00,1900.2218017578125
2023-05-07 00:00:00+00:00,1873.076416015625
2023-05-08 00:00:00+00:00,1849.042724609375
2023-05-09 00:00:00+00:00,1848.6031494140625
2023-05-10 00:00:00+00:00,1842.4014892578125
2023-05-11 00:00:00+00:00,1796.4906005859375
2023-05-12 00:00:00+00:00,1808.019775390625
2023-05-13 00:00:00+00:00,1796.1148681640625
2023-05-14 00:00:00+00:00,1800.5009765625
2023-05-15 00:00:00+00:00,1817.5499267578125
2023-05-16 00:00:00+00:00,1824.1214599609375
2023-05-17 00:00:00+00:00,1821.859619140625
2023-05-18 00:00:00+00:00,1801.728515625
2023-05-19 00:00:00+00:00,1812.5894775390625
2023-05-20 00:00:00+00:00,1820.47802734375
2023-05-21 00:00:00+00:00,1804.5313720703125
2023-05-22 00:00:00+00:00,1817.5347900390625
2023-05-23 00:00:00+00:00,1854.380615234375
2023-05-24 00:00:00+00:00,1800.0999755859375
2023-05-25 00:00:00+00:00,1805.9537353515625
2023-05-26 00:00:00+00:00,1828.689697265625
2023-05-27 00:00:00+00:00,1831.1182861328125
2023-05-28 00:00:00+00:00,1910.9141845703125
2023-05-29 00:00:00+00:00,1893.078125
2023-05-30 00:00:00+00:00,1901.026611328125
2023-05-31 00:00:00+00:00,1874.1304931640625
2023-06-01 00:00:00+00:00,1862.201416015625
2023-06-02 00:00:00+00:00,1907.256591796875
2023-06-03 00:00:00+00:00,1892.4124755859375
2023-06-04 00:00:00+00:00,1890.5135498046875
2023-06-05 00:00:00+00:00,1811.828369140625
2023-06-06 00:00:00+00:00,1884.494873046875
2023-06-07 00:00:00+00:00,1832.39599609375
2023-06-08 00:00:00+00:00,1846.3018798828125
2023-06-09 00:00:00+00:00,1840.2252197265625
2023-06-10 00:00:00+00:00,1752.384765625
2023-06-11 00:00:00+00:00,1753.415283203125
2023-06-12 00:00:00+00:00,1742.5286865234375
2023-06-13 00:00:00+00:00,1739.03759765625
2023-06-14 00:00:00+00:00,1650.519287109375
2023-06-15 00:00:00+00:00,1665.519775390625
2023-06-16 00:00:00+00:00,1716.6688232421875
2023-06-17 00:00:00+00:00,1727.2041015625
2023-06-18 00:00:00+00:00,1720.5775146484375
2023-06-19 00:00:00+00:00,1737.659423828125
2023-06-20 00:00:00+00:00,1792.1199951171875
2023-06-21 00:00:00+00:00,1891.0072021484375
2023-06-22 00:00:00+00:00,1872.9429931640625
2023-06-23 00:00:00+00:00,1892.862060546875
2023-06-24 00:00:00+00:00,1876.0596923828125
2023-06-25 00:00:00+00:00,1900.506103515625
2023-06-26 00:00:00+00:00,1859.432861328125
2023-06-27 00:00:00+00:00,1889.703369140625
2023-06-28 00:00:00+00:00,1827.97119140625
2023-06-29 00:00:00+00:00,1852.227294921875
2023-06-30 00:00:00+00:00,1933.18896484375
2023-07-01 00:00:00+00:00,1924.56591796875
2023-07-02 00:00:00+00:00,1937.4383544921875
2023-07-03 00:00:00+00:00,1955.38916015625
2023-07-04 00:00:00+00:00,1936.633544921875
2023-07-05 00:00:00+00:00,1910.5880126953125
2023-07-06 00:00:00+00:00,1848.636474609375
2023-07-07 00:00:00+00:00,1870.6025390625
2023-07-08 00:00:00+00:00,1865.53955078125
2023-07-09 00:00:00+00:00,1863.009765625
2023-07-10 00:00:00+00:00,1880.556396484375
2023-07-11 00:00:00+00:00,1878.3360595703125
2023-07-12 00:00:00+00:00,1872.11376953125
2023-07-13 00:00:00+00:00,2006.511474609375
2023-07-14 00:00:00+00:00,1939.3470458984375
2023-07-15 00:00:00+00:00,1931.466552734375
2023-07-16 00:00:00+00:00,1923.681884765625
2023-07-17 00:00:00+00:00,1911.6461181640625
2023-07-18 00:00:00+00:00,1897.5992431640625
2023-07-19 00:00:00+00:00,1889.0079345703125
2023-07-20 00:00:00+00:00,1890.9691162109375
2023-07-21 00:00:00+00:00,1892.080078125
2023-07-22 00:00:00+00:00,1864.912353515625
2023-07-23 00:00:00+00:00,1889.191650390625
2023-07-24 00:00:00+00:00,1850.0020751953125
2023-07-25 00:00:00+00:00,1857.741943359375
2023-07-26 00:00:00+00:00,1872.159912109375
2023-07-27 00:00:00+00:00,1860.357177734375
2023-07-28 00:00:00+00:00,1874.744873046875
2023-07-29 00:00:00+00:00,1881.06884765625
2023-07-30 00:00:00+00:00,1861.643798828125
2023-07-31 00:00:00+00:00,1856.162353515625
2023-08-01 00:00:00+00:00,1871.7921142578125
2023-08-02 00:00:00+00:00,1839.0897216796875
2023-08-03 00:00:00+00:00,1835.136474609375
2023-08-04 00:00:00+00:00,1827.712890625
2023-08-05 00:00:00+00:00,1834.9879150390625
2023-08-06 00:00:00+00:00,1827.4620361328125
2023-08-07 00:00:00+00:00,1826.9388427734375
2023-08-08 00:00:00+00:00,1855.807373046875
2023-08-09 00:00:00+00:00,1854.297607421875
2023-08-10 00:00:00+00:00,1850.75341796875
2023-08-11 00:00:00+00:00,1847.1243896484375
2023-08-12 00:00:00+00:00,1848.889892578125
2023-08-13 00:00:00+00:00,1839.2801513671875
2023-08-14 00:00:00+00:00,1844.185791015625
2023-08-15 00:00:00+00:00,1826.9327392578125
2023-08-16 00:00:00+00:00,1805.6590576171875
2023-08-17 00:00:00+00:00,1684.9334716796875
2023-08-18 00:00:00+00:00,1660.945068359375
2023-08-19 00:00:00+00:00,1669.471923828125
2023-08-20 00:00:00+00:00,1684.85205078125
2023-08-21 00:00:00+00:00,1667.26904296875
2023-08-22 00:00:00+00:00,1633.892578125
2023-08-23 00:00:00+00:00,1679.2744140625
2023-08-24 00:00:00+00:00,1659.944580078125
2023-08-25 00:00:00+00:00,1652.93505859375
2023-08-26 00:00:00+00:00,1646.3067626953125
2023-08-27 00:00:00+00:00,1657.5130615234375
2023-08-28 00:00:00+00:00,1652.4573974609375
2023-08-29 00:00:00+00:00,1729.7257080078125
2023-08-30 00:00:00+00:00,1705.1121826171875
2023-08-31 00:00:00+00:00,1645.63916015625
2023-09-01 00:00:00+00:00,1628.4912109375
2023-09-02 00:00:00+00:00,1637.025390625
2023-09-03 00:00:00+00:00,1636.11767578125
2023-09-04 00:00:00+00:00,1629.6552734375
2023-09-05 00:00:00+00:00,1633.62939453125
2023-09-06 00:00:00+00:00,1632.2523193359375
2023-09-07 00:00:00+00:00,1647.5982666015625
2023-09-08 00:00:00+00:00,1636.1378173828125
2023-09-09 00:00:00+00:00,1635.162353515625
2023-09-10 00:00:00+00:00,1616.828857421875
2023-09-11 00:00:00+00:00,1551.6376953125
2023-09-12 00:00:00+00:00,1592.429443359375
2023-09-13 00:00:00+00:00,1607.988525390625
2023-09-14 00:00:00+00:00,1626.974365234375
2023-09-15 00:00:00+00:00,1641.640380859375
2023-09-16 00:00:00+00:00,1635.2216796875
2023-09-17 00:00:00+00:00,1622.896728515625
2023-09-18 00:00:00+00:00,1637.3470458984375
2023-09-19 00:00:00+00:00,1643.544677734375
2023-09-20 00:00:00+00:00,1622.890625
2023-09-21 00:00:00+00:00,1584.3070068359375
2023-09-22 00:00:00+00:00,1593.268310546875
2023-09-23 00:00:00+00:00,1593.8577880859375
2023-09-24 00:00:00+00:00,1580.8533935546875
2023-09-25 00:00:00+00:00,1588.3228759765625
2023-09-26 00:00:00+00:00,1593.417236328125
2023-09-27 00:00:00+00:00,1597.4912109375
2023-09-28 00:00:00+00:00,1652.8826904296875
2023-09-29 00:00:00+00:00,1667.94384765625
2023-09-30 00:00:00+00:00,1671.161865234375
2023-10-01 00:00:00+00:00,1733.8104248046875
2023-10-02 00:00:00+00:00,1663.6275634765625
2023-10-03 00:00:00+00:00,1656.6856689453125
2023-10-04 00:00:00+00:00,1647.838134765625
2023-10-05 00:00:00+00:00,1611.4764404296875
2023-10-06 00:00:00+00:00,1645.83154296875
2023-10-07 00:00:00+00:00,1634.51123046875
2023-10-08 00:00:00+00:00,1633.548583984375
2023-10-09 00:00:00+00:00,1579.806640625
2023-10-10 00:00:00+00:00,1567.7130126953125
2023-10-11 00:00:00+00:00,1566.2547607421875
2023-10-12 00:00:00+00:00,1539.6124267578125
2023-10-13 00:00:00+00:00,1552.0894775390625
2023-10-14 00:00:00+00:00,1555.2568359375
2023-10-15 00:00:00+00:00,1558.06982421875
2023-10-16 00:00:00+00:00,1600.5343017578125
2023-10-17 00:00:00+00:00,1565.4395751953125
2023-10-18 00:00:00+00:00,1563.7498779296875
2023-10-19 00:00:00+00:00,1567.45703125
2023-10-20 00:00:00+00:00,1604.6668701171875
2023-10-21 00:00:00+00:00,1629.304443359375
2023-10-22 00:00:00+00:00,1663.429931640625
2023-10-23 00:00:00+00:00,1765.3826904296875
2023-10-24 00:00:00+00:00,1784.4375
2023-10-25 00:00:00+00:00,1787.3975830078125
2023-10-26 00:00:00+00:00,1804.039306640625
2023-10-27 00:00:00+00:00,1780.0452880859375
2023-10-28 00:00:00+00:00,1776.6181640625
2023-10-29 00:00:00+00:00,1795.5460205078125
2023-10-30 00:00:00+00:00,1810.088623046875
2023-10-31 00:00:00+00:00,1816.458984375
2023-11-01 00:00:00+00:00,1847.0897216796875
2023-11-02 00:00:00+00:00,1800.6209716796875
2023-11-03 00:00:00+00:00,1832.795166015625
2023-11-04 00:00:00+00:00,1857.6986083984375
2023-11-05 00:00:00+00:00,1894.15771484375
2023-11-06 00:00:00+00:00,1899.83740234375
2023-11-07 00:00:00+00:00,1888.124267578125
2023-11-08 00:00:00+00:00,1889.3223876953125
2023-11-09 00:00:00+00:00,2120.56103515625
2023-11-10 00:00:00+00:00,2078.289794921875
2023-11-11 00:00:00+00:00,2052.7138671875
2023-11-12 00:00:00+00:00,2045.18701171875
2023-11-13 00:00:00+00:00,2055.265380859375
2023-11-14 00:00:00+00:00,1979.0526123046875
2023-11-15 00:00:00+00:00,2060.408447265625
2023-11-16 00:00:00+00:00,1960.881591796875
2023-11-17 00:00:00+00:00,1961.28076171875
2023-11-18 00:00:00+00:00,1963.2850341796875
2023-11-19 00:00:00+00:00,2013.2044677734375
2023-11-20 00:00:00+00:00,2022.2391357421875
2023-11-21 00:00:00+00:00,1937.0667724609375
2023-11-22 00:00:00+00:00,2064.42529296875
2023-11-23 00:00:00+00:00,2062.210693359375
2023-11-24 00:00:00+00:00,2081.152099609375
2023-11-25 00:00:00+00:00,2084.4130859375
2023-11-26 00:00:00+00:00,2063.2861328125
2023-11-27 00:00:00+00:00,2027.4173583984375
2023-11-28 00:00:00+00:00,2049.338134765625
2023-11-29 00:00:00+00:00,2029.92919921875
2023-11-30 00:00:00+00:00,2052.55615234375
2023-12-01 00:00:00+00:00,2087.139892578125
2023-12-02 00:00:00+00:00,2165.7041015625
2023-12-03 00:00:00+00:00,2193.691650390625
2023-12-04 00:00:00+00:00,2243.2158203125
2023-12-05 00:00:00+00:00,2293.841796875
2023-12-06 00:00:00+00:00,2231.661376953125
2023-12-07 00:00:00+00:00,2357.57958984375
2023-12-08 00:00:00+00:00,2358.73193359375
2023-12-09 00:00:00+00:00,2341.17529296875
2023-12-10 00:00:00+00:00,2352.462646484375
2023-12-11 00:00:00+00:00,2224.578857421875
2023-12-12 00:00:00+00:00,2202.0380859375
2023-12-13 00:00:00+00:00,2260.648681640625
2023-12-14 00:00:00+00:00,2316.5791015625
2023-12-15 00:00:00+00:00,2219.33740234375
2023-12-16 00:00:00+00:00,2226.926513671875
2023-12-17 00:00:00+00:00,2196.481201171875
2023-12-18 00:00:00+00:00,2217.2734375
2023-12-19 00:00:00+00:00,2177.87255859375
2023-12-20 00:00:00+00:00,2201.911376953125
2023-12-21 00:00:00+00:00,2239.54248046875
2023-12-22 00:00:00+00:00,2326.52490234375
2023-12-23 00:00:00+00:00,2309.04638671875
2023-12-24 00:00:00+00:00,2265.692138671875
2023-12-25 00:00:00+00:00,2272.561767578125
2023-12-26 00:00:00+00:00,2231.46533203125
2023-12-27 00:00:00+00:00,2378.739990234375
2023-12-28 00:00:00+00:00,2347.566162109375
2023-12-29 00:00:00+00:00,2300.690673828125
2023-12-30 00:00:00+00:00,2292.0654296875
2023-12-31 00:00:00+00:00,2281.47119140625
2024-01-01 00:00:00+00:00,2352.327880859375
2024-01-02 00:00:00+00:00,2355.83642578125
2024-01-03 00:00:00+00:00,2210.761962890625
2024-01-04 00:00:00+00:00,2269.0380859375
2024-01-05 00:00:00+00:00,2268.647216796875
2024-01-06 00:00:00+00:00,2241.624755859375
2024-01-07 00:00:00+00:00,2222.865966796875
2024-01-08 00:00:00+00:00,2333.03271484375
2024-01-09 00:00:00+00:00,2344.8271484375
2024-01-10 00:00:00+00:00,2582.103515625
2024-01-11 00:00:00+00:00,2619.619140625
2024-01-12 00:00:00+00:00,2524.460205078125
2024-01-13 00:00:00+00:00,2576.597900390625
2024-01-14 00:00:00+00:00,2472.2412109375
2024-01-15 00:00:00+00:00,2511.36376953125
2024-01-16 00:00:00+00:00,2587.691162109375
2024-01-17 00:00:00+00:00,2528.369384765625
2024-01-18 00:00:00+00:00,2467.018798828125
2024-01-19 00:00:00+00:00,2489.49853515625
2024-01-20 00:00:00+00:00,2469.589111328125
2024-01-21 00:00:00+00:00,2453.9130859375
2024-01-22 00:00:00+00:00,2310.826416015625
2024-01-23 00:00:00+00:00,2240.68603515625
2024-01-24 00:00:00+00:00,2233.561767578125
2024-01-25 00:00:00+00:00,2217.710205078125
2024-01-26 00:00:00+00:00,2267.19970703125
2024-01-27 00:00:00+00:00,2267.885986328125
2024-01-28 00:00:00+00:00,2257.208740234375
2024-01-29 00:00:00+00:00,2317.064208984375
2024-01-30 00:00:00+00:00,2344.49365234375
2024-01-31 00:00:00+00:00,2282.54443359375
2024-02-01 00:00:00+00:00,2303.82470703125
2024-02-02 00:00:00+00:00,2308.0380859375
2024-02-03 00:00:00+00:00,2296.038330078125
2024-02-04 00:00:00+00:00,2289.546142578125
2024-02-05 00:00:00+00:00,2298.888916015625
2024-02-06 00:00:00+00:00,2372.201904296875
2024-02-07 00:00:00+00:00,2423.7451171875
2024-02-08 00:00:00+00:00,2419.906494140625
2024-02-09 00:00:00+00:00,2487.515625
2024-02-10 00:00:00+00:00,2501.228271484375
2024-02-11 00:00:00+00:00,2507.570556640625
2024-02-12 00:00:00+00:00,2658.115966796875
2024-02-13 00:00:00+00:00,2642.185302734375
2024-02-14 00:00:00+00:00,2777.90234375
2024-02-15 00:00:00+00:00,2824.37890625
2024-02-16 00:00:00+00:00,2803.69140625
2024-02-17 00:00:00+00:00,2786.672607421875
2024-02-18 00:00:00+00:00,2878.998046875
2024-02-19 00:00:00+00:00,2943.57470703125
2024-02-20 00:00:00+00:00,3013.503662109375
2024-02-21 00:00:00+00:00,2970.35546875
2024-02-22 00:00:00+00:00,2971.00732421875
2024-02-23 00:00:00+00:00,2921.658203125
2024-02-24 00:00:00+00:00,2992.385986328125
2024-02-25 00:00:00+00:00,3112.697265625
2024-02-26 00:00:00+00:00,3178.99365234375
2024-02-27 00:00:00+00:00,3244.519287109375
2024-02-28 00:00:00+00:00,3385.703857421875
2024-02-29 00:00:00+00:00,3341.919677734375
2024-03-01 00:00:00+00:00,3435.053955078125
2024-03-02 00:00:00+00:00,3422.0498046875
2024-03-03 00:00:00+00:00,3490.99365234375
2024-03-04 00:00:00+00:00,3630.433837890625
2024-03-05 00:00:00+00:00,3554.964599609375
2024-03-06 00:00:00+00:00,3819.226318359375
2024-03-07 00:00:00+00:00,3874.34765625
2024-03-08 00:00:00+00:00,3892.06103515625
2024-03-09 00:00:00+00:00,3915.4189453125
2024-03-10 00:00:00+00:00,3881.193115234375
2024-03-11 00:00:00+00:00,4066.445068359375
2024-03-12 00:00:00+00:00,3980.273193359375
2024-03-13 00:00:00+00:00,4006.45703125
2024-03-14 00:00:00+00:00,3883.140380859375
2024-03-15 00:00:00+00:00,3735.22021484375
2024-03-16 00:00:00+00:00,3522.860107421875
2024-03-17 00:00:00+00:00,3642.4130859375
2024-03-18 00:00:00+00:00,3517.985107421875
2024-03-19 00:00:00+00:00,3157.6181640625
2024-03-20 00:00:00+00:00,3513.39306640625
2024-03-21 00:00:00+00:00,3492.9912109375
2024-03-22 00:00:00+00:00,3333.68798828125
2024-03-23 00:00:00+00:00,3336.593994140625
2024-03-24 00:00:00+00:00,3454.636474609375
2024-03-25 00:00:00+00:00,3590.8837890625
2024-03-26 00:00:00+00:00,3587.5048828125
2024-03-27 00:00:00+00:00,3500.115234375
2024-03-28 00:00:00+00:00,3561.2939453125
2024-03-29 00:00:00+00:00,3511.80615234375
2024-03-30 00:00:00+00:00,3507.9443359375
2024-03-31 00:00:00+00:00,3647.8564453125
2024-04-01 00:00:00+00:00,3505.030029296875
2024-04-02 00:00:00+00:00,3277.234619140625
2024-04-03 00:00:00+00:00,3311.44189453125
2024-04-04 00:00:00+00:00,3330.04052734375
2024-04-05 00:00:00+00:00,3318.88525390625
2024-04-06 00:00:00+00:00,3354.183837890625
2024-04-07 00:00:00+00:00,3453.49462890625
2024-04-08 00:00:00+00:00,3695.292724609375
2024-04-09 00:00:00+00:00,3505.163330078125
2024-04-10 00:00:00+00:00,3543.737060546875
2024-04-11 00:00:00+00:00,3505.247802734375
2024-04-12 00:00:00+00:00,3243.034912109375
2024-04-13 00:00:00+00:00,3004.900390625
2024-04-14 00:00:00+00:00,3156.94189453125
2024-04-15 00:00:00+00:00,3101.600341796875
2024-04-16 00:00:00+00:00,3084.920166015625
2024-04-17 00:00:00+00:00,2984.7275390625
2024-04-18 00:00:00+00:00,3066.027587890625
2024-04-19 00:00:00+00:00,3059.278564453125
2024-04-20 00:00:00+00:00,3157.627197265625
2024-04-21 00:00:00+00:00,3147.28857421875
2024-04-22 00:00:00+00:00,3201.652099609375
2024-04-23 00:00:00+00:00,3219.91162109375
2024-04-24 00:00:00+00:00,3139.80517578125
2024-04-25 00:00:00+00:00,3156.509521484375
2024-04-26 00:00:00+00:00,3130.164794921875
2024-04-27 00:00:00+00:00,3252.168212890625
2024-04-28 00:00:00+00:00,3262.774658203125
2024-04-29 00:00:00+00:00,3215.428955078125
2024-04-30 00:00:00+00:00,3012.286865234375
2024-05-01 00:00:00+00:00,2969.78466796875
2024-05-02 00:00:00+00:00,2988.16845703125
2024-05-03 00:00:00+00:00,3103.5419921875
2024-05-04 00:00:00+00:00,3117.576416015625
2024-05-05 00:00:00+00:00,3137.2490234375
2024-05-06 00:00:00+00:00,3062.728759765625
2024-05-07 00:00:00+00:00,3006.5771484375
2024-05-08 00:00:00+00:00,2973.6572265625
2024-05-09 00:00:00+00:00,3036.0205078125
2024-05-10 00:00:00+00:00,2909.791259765625
2024-05-11 00:00:00+00:00,2911.60205078125
2024-05-12 00:00:00+00:00,2928.701904296875
2024-05-13 00:00:00+00:00,2949.359619140625
2024-05-14 00:00:00+00:00,2881.157958984375
2024-05-15 00:00:00+00:00,3037.056640625
2024-05-16 00:00:00+00:00,2945.131103515625
2024-05-17 00:00:00+00:00,3094.11865234375
2024-05-18 00:00:00+00:00,3122.948974609375
2024-05-19 00:00:00+00:00,3071.843017578125
2024-05-20 00:00:00+00:00,3663.85546875
2024-05-21 00:00:00+00:00,3789.312744140625
2024-05-22 00:00:00+00:00,3737.2177734375
2024-05-23 00:00:00+00:00,3776.92724609375
2024-05-24 00:00:00+00:00,3726.9345703125
2024-05-25 00:00:00+00:00,3749.236572265625
2024-05-26 00:00:00+00:00,3825.8974609375
2024-05-27 00:00:00+00:00,3892.0068359375
2024-05-28 00:00:00+00:00,3840.25634765625
2024-05-29 00:00:00+00:00,3763.196533203125
2024-05-30 00:00:00+00:00,3746.849609375
2024-05-31 00:00:00+00:00,3760.026611328125
2024-06-01 00:00:00+00:00,3813.198974609375
2024-06-02 00:00:00+00:00,3780.89599609375
2024-06-03 00:00:00+00:00,3766.38916015625
2024-06-04 00:00:00+00:00,3812.515869140625
2024-06-05 00:00:00+00:00,3864.260986328125
2024-06-06 00:00:00+00:00,3811.60595703125
2024-06-07 00:00:00+00:00,3678.629150390625
2024-06-08 00:00:00+00:00,3680.949951171875
2024-06-09 00:00:00+00:00,3705.90380859375
2024-06-10 00:00:00+00:00,3666.717529296875
2024-06-11 00:00:00+00:00,3498.33056640625
2024-06-12 00:00:00+00:00,3559.61767578125
2024-06-13 00:00:00+00:00,3469.28125
2024-06-14 00:00:00+00:00,3480.27197265625
2024-06-15 00:00:00+00:00,3565.549560546875
2024-06-16 00:00:00+00:00,3620.5634765625
2024-06-17 00:00:00+00:00,3511.37890625
2024-06-18 00:00:00+00:00,3483.681396484375
2024-06-19 00:00:00+00:00,3559.347412109375
2024-06-20 00:00:00+00:00,3511.0869140625
2024-06-21 00:00:00+00:00,3516.07568359375
2024-06-22 00:00:00+00:00,3494.8134765625
2024-06-23 00:00:00+00:00,3418.61181640625
2024-06-24 00:00:00+00:00,3350.25634765625
2024-06-25 00:00:00+00:00,3395.029052734375
2024-06-26 00:00:00+00:00,3369.477294921875
2024-06-27 00:00:00+00:00,3444.800537109375
2024-06-28 00:00:00+00:00,3373.635986328125
2024-06-29 00:00:00+00:00,3372.9677734375
2024-06-30 00:00:00+00:00,3432.88916015625
2024-07-01 00:00:00+00:00,3440.341552734375
2024-07-02 00:00:00+00:00,3416.354736328125
2024-07-03 00:00:00+00:00,3292.916748046875
2024-07-04 00:00:00+00:00,3054.52197265625
2024-07-05 00:00:00+00:00,2981.5986328125
2024-07-06 00:00:00+00:00,3069.3779296875
2024-07-07 00:00:00+00:00,2929.38720703125
2024-07-08 00:00:00+00:00,3018.73193359375
2024-07-09 00:00:00+00:00,3064.032958984375
2024-07-10 00:00:00+00:00,3102.21875
2024-07-11 00:00:00+00:00,3100.330810546875
2024-07-12 00:00:00+00:00,3134.15869140625
2024-07-13 00:00:00+00:00,3177.19873046875
2024-07-14 00:00:00+00:00,3244.0791015625
2024-07-15 00:00:00+00:00,3489.552734375
2024-07-16 00:00:00+00:00,3443.513427734375
2024-07-17 00:00:00+00:00,3388.75244140625
2024-07-18 00:00:00+00:00,3426.258544921875
2024-07-19 00:00:00+00:00,3505.73486328125
2024-07-20 00:00:00+00:00,3519.29541015625
2024-07-21 00:00:00+00:00,3536.60546875
2024-07-22 00:00:00+00:00,3440.419921875
2024-07-23 00:00:00+00:00,3481.995849609375
2024-07-24 00:00:00+00:00,3336.33935546875
2024-07-25 00:00:00+00:00,3174.42724609375
2024-07-26 00:00:00+00:00,3275.951416015625
2024-07-27 00:00:00+00:00,3247.60791015625
2024-07-28 00:00:00+00:00,3271.464599609375
2024-07-29 00:00:00+00:00,3320.539306640625
2024-07-30 00:00:00+00:00,3278.667724609375
2024-07-31 00:00:00+00:00,3231.295654296875
2024-08-01 00:00:00+00:00,3201.564453125
2024-08-02 00:00:00+00:00,2986.01318359375
2024-08-03 00:00:00+00:00,2903.3857421875
2024-08-04 00:00:00+00:00,2686.39892578125
2024-08-05 00:00:00+00:00,2417.206298828125
2024-08-06 00:00:00+00:00,2458.723876953125
2024-08-07 00:00:00+00:00,2336.58935546875
2024-08-08 00:00:00+00:00,2683.352783203125
2024-08-09 00:00:00+00:00,2599.5986328125
2024-08-10 00:00:00+00:00,2610.02294921875
2024-08-11 00:00:00+00:00,2553.252197265625
2024-08-12 00:00:00+00:00,2724.431884765625
2024-08-13 00:00:00+00:00,2703.671875
2024-08-14 00:00:00+00:00,2662.914794921875
2024-08-15 00:00:00+00:00,2570.087646484375
2024-08-16 00:00:00+00:00,2593.1865234375
2024-08-17 00:00:00+00:00,2614.546875
2024-08-18 00:00:00+00:00,2613.357177734375
2024-08-19 00:00:00+00:00,2637.306396484375
2024-08-20 00:00:00+00:00,2573.10693359375
2024-08-21 00:00:00+00:00,2631.3955078125
2024-08-22 00:00:00+00:00,2622.951416015625
2024-08-23 00:00:00+00:00,2764.447021484375
2024-08-24 00:00:00+00:00,2769.3896484375
2024-08-25 00:00:00+00:00,2749.15771484375
2024-08-26 00:00:00+00:00,2681.340576171875
2024-08-27 00:00:00+00:00,2458.7265625
2024-08-28 00:00:00+00:00,2528.41552734375
2024-08-29 00:00:00+00:00,2528.792724609375
2024-08-30 00:00:00+00:00,2525.822021484375
2024-08-31 00:00:00+00:00,2513.393798828125
2024-09-01 00:00:00+00:00,2427.90234375
2024-09-02 00:00:00+00:00,2538.187255859375
2024-09-03 00:00:00+00:00,2420.603759765625
2024-09-04 00:00:00+00:00,2448.97705078125
2024-09-05 00:00:00+00:00,2367.737548828125
2024-09-06 00:00:00+00:00,2223.87646484375
2024-09-07 00:00:00+00:00,2274.107177734375
2024-09-08 00:00:00+00:00,2297.29296875
2024-09-09 00:00:00+00:00,2358.482177734375
2024-09-10 00:00:00+00:00,2389.5810546875
2024-09-11 00:00:00+00:00,2339.841552734375
2024-09-12 00:00:00+00:00,2361.78173828125
2024-09-13 00:00:00+00:00,2441.607177734375
2024-09-14 00:00:00+00:00,2418.595703125
2024-09-15 00:00:00+00:00,2320.897216796875
2024-09-16 00:00:00+00:00,2295.28369140625
2024-09-17 00:00:00+00:00,2341.707763671875
2024-09-18 00:00:00+00:00,2369.72900390625
2024-09-19 00:00:00+00:00,2464.752197265625
2024-09-20 00:00:00+00:00,2561.072021484375
2024-09-21 00:00:00+00:00,2615.857177734375
2024-09-22 00:00:00+00:00,2582.862548828125
2024-09-23 00:00:00+00:00,2648.54638671875
2024-09-24 00:00:00+00:00,2654.35498046875
2024-09-25 00:00:00+00:00,2579.388671875
2024-09-26 00:00:00+00:00,2632.199951171875
2024-09-27 00:00:00+00:00,2695.900634765625
2024-09-28 00:00:00+00:00,2677.5390625
2024-09-29 00:00:00+00:00,2659.346923828125
2024-09-30 00:00:00+00:00,2603.062744140625
2024-10-01 00:00:00+00:00,2448.921142578125
2024-10-02 00:00:00+00:00,2365.231689453125
2024-10-03 00:00:00+00:00,2349.791259765625
2024-10-04 00:00:00+00:00,2414.7939453125
2024-10-05 00:00:00+00:00,2415.6318359375
2024-10-06 00:00:00+00:00,2439.957763671875
2024-10-07 00:00:00+00:00,2421.796630859375
2024-10-08 00:00:00+00:00,2439.8408203125
2024-10-09 00:00:00+00:00,2368.283447265625
2024-10-10 00:00:00+00:00,2383.85791015625
2024-10-11 00:00:00+00:00,2436.513427734375
2024-10-12 00:00:00+00:00,2476.523193359375
2024-10-13 00:00:00+00:00,2467.677001953125
2024-10-14 00:00:00+00:00,2628.89990234375
2024-10-15 00:00:00+00:00,2606.02197265625
2024-10-16 00:00:00+00:00,2611.10205078125
2024-10-17 00:00:00+00:00,2604.2734375
2024-10-18 00:00:00+00:00,2641.55224609375
2024-10-19 00:00:00+00:00,2648.656982421875
2024-10-20 00:00:00+00:00,2746.364013671875
2024-10-21 00:00:00+00:00,2665.712158203125
2024-10-22 00:00:00+00:00,2620.197509765625
2024-10-23 00:00:00+00:00,2509.098876953125
2024-10-24 00:00:00+00:00,2534.49853515625
2024-10-25 00:00:00+00:00,2435.93408203125
2024-10-26 00:00:00+00:00,2479.603271484375
2024-10-27 00:00:00+00:00,2505.940673828125
2024-10-28 00:00:00+00:00,2565.34814453125
2024-10-29 00:00:00+00:00,2637.95751953125
2024-10-30 00:00:00+00:00,2657.37255859375
2024-10-31 00:00:00+00:00,2515.79931640625
2024-11-01 00:00:00+00:00,2511.885498046875
2024-11-02 00:00:00+00:00,2491.068603515625
2024-11-03 00:00:00+00:00,2456.42529296875
2024-11-04 00:00:00+00:00,2397.0263671875
2024-11-05 00:00:00+00:00,2422.650634765625
2024-11-06 00:00:00+00:00,2724.169189453125
2024-11-07 00:00:00+00:00,2895.58544921875
2024-11-08 00:00:00+00:00,2962.296630859375
